{"web":{"client_id":"148898805674-4bnb2fgei7d6ma4hacanrhst9i0b1jrf.apps.googleusercontent.com","project_id":"winlab-377517","auth_uri":"https://accounts.google.com/o/oauth2/auth","token_uri":"https://oauth2.googleapis.com/token","auth_provider_x509_cert_url":"https://www.googleapis.com/oauth2/v1/certs","client_secret":"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","redirect_uris":["https://dev.rengindesk.ru","https://rengindesk.ru"],"javascript_origins":["https://rengindesk.ru","https://dev.rengindesk.ru"]}}